Jack,Martinez
Caleb,Burns
Maddox,Lane
Emma,Carlson
Trenton,Higgins
Payton,Mendoza
Brian,Hawkins
Brynn,Graham
Ezekiel,Roy
Fernando,Matthews
Charlie,Webster
Jaden,Norman
Julia,Tate
Levi,Horton
Andrew,Fisher
Cameron,Silva
Melanie,Hamilton
Eric,Joseph
Aliyah,Moreno
Nolan,Walton
Natalia,Casey
Abraham,Nichols
Damian,Maldonado
Chloe,Barber
Audrey,James
Bryan,Zimmerman
Richard,Clayton
Julian,Watkins
Drake,Reynolds
Declan,Hubbard
Zoey,Collier
Paul,Larson
Madelyn,Vasquez
Nathaniel,Phillips
Jaden,Welch
Alan,Nash
Trenton,Copeland
Lucas,Parsons
Riley,Keller
Emery,Burke
Madeline,Reyes
Alayna,Yates
Landen,Rice
Samuel,Mathis
Adrianna,Mendez
Cristian,Sparks
Bryson,Bryant
Josue,McCarthy
Asher,Stewart
Isaac,Powers
Kai,Benson
Paige,Craig
Maximus,Armstrong
Justin,Rodriquez
Eva,Santos
Mark,Klein
Lincoln,Manning
Edward,Jackson
Chance,Arnold
Valentina,Gonzalez
Lydia,Clarke
Seth,Erickson
Gael,Wong
Juliana,Craig
Addison,Beck
Jose,Garza
Elliot,Nichols
Ryan,Watkins
Mckenna,Lindsey
Mia,Pena
Paxton,Smith
Skylar,Carlson
Justin,Paul
Sean,Allen
Kinsley,Brown
Rylee,Gill
Jenna,Briggs
Lola,Joseph
Josephine,Mitchell
Kaleb,Jensen
Laila,Hunter
Braxton,Reynolds
Bryson,Anderson
Annabelle,Blake
Violet,Dixon
Abigail,Hansen
Ezra,Reynolds
Kimberly,Estrada
Lila,Singleton
Joel,Poole
Paxton,Mullins
Elias,Obrien
Autumn,Wilkins
Lily,Thornton
Lilly,Nelson
Trevor,Chandler
Hayden,Ball
Aliyah,McDonald
Colin,Lucas
Madeline,Barton