name,id
Porter,46
Marla,49
Jazmine,14
Tresa,37
Frederick,21
Jacinta,46
Trudi,36
Theodora,21
Eddie,36
Tommie,49
Theodora,36
Nyla,21
Mayra,25
Trudi,5
Thi,5
Theodora,6
Antonia,21
Allyson,37
Antonietta,47
Ara,18
Adrian,28
Aiko,34
Adelle,25
Adelina,49
Ariana,21
Alma,41
Allyson,25
Allyson,15
Afton,32
Alec,39
Alyson,30
Anthony,37
Garnett,284
Garnett,946
Tricia,149
Marla,180
Yukiko,486
Kaitlin,995
Leigh,365
Shyla,254
Ollie,284
Xavier,198
Ira,975
Rita,927
Mayra,65
Leigh,284
Frederick,254
Shawn,180
Thi,320
Shyla,766
